Id,House price
1461,111030.05215397697
1462,145578.97100563138
1463,162998.44119040493
1464,180432.938570879
1465,208569.54652287863
1466,176185.59162199195
1467,172187.11552340782
1468,172914.3872547022
1469,183676.89904918693
1470,105434.07235567959
1471,205051.75274319667
1472,105134.75383656201
1473,102528.17485593249
1474,154834.62300785602
1475,129973.40838187274
1476,353221.2488391733
1477,254014.68671881862
1478,311232.59780632076
1479,303515.8286949726
1480,392528.93793772743
1481,270560.8402558327
1482,220889.4696468392
1483,195691.91252771276
1484,201334.87906453683
1485,196533.95120325423
1486,210565.5987669566
1487,298242.07496835885
1488,249850.50635592884
1489,195837.99996968376
1490,224251.53409030428
1491,211430.37263393146
1492,99391.60720031841
1493,177127.15254230995
1494,266938.3059422986
1495,255228.6964061113
1496,237382.25759543374
1497,185970.40933049793
1498,173710.61079812155
1499,173812.31026924454
1500,161625.9360359962
1501,169687.10261700634
1502,169925.00720984623
1503,261641.39718388487
1504,227862.8194433485
1505,215404.15965654847
1506,193516.54560982995
1507,222549.08036255155
1508,194010.42763440238
1509,155722.7690120564
1510,138808.89564786648
1511,147977.06777881942
1512,163679.44510923696
1513,162516.65271976864
1514,154562.12778095162
1515,180853.59827657772
1516,144104.3143203396
1517,136736.42239814572
1518,165246.76562237207
1519,222191.5188617544
1520,120009.45539619289
1521,122862.06515389684
1522,155914.44351818372
1523,90848.25361208085
1524,115312.06844167721
1525,101215.48171772271
1526,101455.39654628503
1527,96820.02292311478
1528,118632.49964754777
1529,134780.58556550753
1530,164749.33553356954
1531,118990.29047282404
1532,77889.38645808471
1533,148038.25015467958
1534,150471.33960948975
1535,138729.69919609805
1536,110343.3199872431
1537,92999.04157565918
1538,177769.761274267
1539,226790.0605966989
1540,165102.88617235175
1541,162108.30770191812
1542,131297.90676718176
1543,189696.811427259
1544,75254.3517624622
1545,104039.10668223351
1546,131803.05386646674
1547,125516.45281359986
1548,122634.14590005117
1549,118340.81241935841
1550,134590.5322103923
1551,133436.3538329293
1552,138366.15999337105
1553,131216.94571191462
1554,115084.27014977258
1555,161597.5574058737
1556,97201.07716092936
1557,111415.88813224366
1558,119196.08726356023
1559,90682.47265328371
1560,133307.95607556976
1561,144586.96104228497
1562,116496.54019197485
1563,93011.73106010123
1564,158502.00875035813
1565,131750.75206587062
1566,190289.79257978854
1567,99475.3161593338
1568,206155.0514285437
1569,137698.14034068043
1570,136489.2196825202
1571,115563.93075140356
1572,124971.63941982356
1573,208696.69797163794
1574,133411.4564827406
1575,193240.91457970574
1576,233045.2541285624
1577,206030.46832206822
1578,156274.62925744453
1579,129260.12816930836
1580,197102.45096338633
1581,127692.74689324152
1582,114184.11493352088
1583,276707.49152513064
1584,237554.38104069332
1585,160001.1693581991
1586,56327.918779063526
1587,121277.45104005949
1588,134946.6274803966
1589,116167.5875843383
1590,124620.73466382932
1591,71623.2374153851
1592,133525.61919078437
1593,111667.73718904878
1594,129040.48758702853
1595,103856.56011633312
1596,193833.95613202732
1597,180422.07044515928
1598,188644.2952715474
1599,195319.30398509878
1600,200153.9687583698
1601,31747.288039868836
1602,116441.17577555362
1603,95394.81391891095
1604,251455.5466514888
1605,244065.89083959424
1606,162979.2218822089
1607,214815.91749567422
1608,224899.18192338262
1609,202897.37085033773
1610,156825.71284450265
1611,141471.4430959542
1612,206937.6450517688
1613,170426.59367748591
1614,117058.8015770673
1615,66831.43315996724
1616,66831.43315996724
1617,83516.66884370535
1618,105201.15881068986
1619,134304.09293184255
1620,195980.50860063394
1621,138190.67152510092
1622,139824.48717759267
1623,231175.42944536923
1624,208902.024847509
1625,135598.08902511097
1626,171949.71577426174
1627,181375.16579245956
1628,263182.13534257805
1629,186774.38779173774
1630,305338.570435343
1631,206585.8659708639
1632,234004.61674654664
1633,186148.3612163365
1634,188032.8857229898
1635,180667.13195766346
1636,171444.69385842665
1637,159667.0838909251
1638,212269.70775871607
1639,180239.21411904576
1640,236692.69084933796
1641,184096.3319905114
1642,234286.3721288393
1643,234924.23891888442
1644,226786.34502068494
1645,175689.83072276157
1646,152317.51754651347
1647,157760.2705025203
1648,137103.67895840568
1649,124660.57548196347
1650,102770.24391628927
1651,106559.85793509515
1652,105595.0188955621
1653,106036.03562181734
1654,166568.29601620825
1655,158639.4197035295
1656,155927.95927344327
1657,162476.1224531628
1658,171721.06334977387
1659,127258.89762096107
1660,140454.5139880987
1661,368042.33430616534
1662,328036.08474706946
1663,338937.1467557754
1664,386310.77772816434
1665,324848.21054747363
1666,289114.66480317
1667,324682.1009914438
1668,333509.9829354436
1669,297281.333269069
1670,332628.57629223133
1671,243179.81819236377
1672,365330.59902658954
1673,278834.32374540943
1674,250123.0274943472
1675,194128.6954874021
1676,189983.59667818557
1677,207612.1820053006
1678,383488.98598591203
1679,324248.26341474836
1680,316742.4602324707
1681,290340.7781578163
1682,280394.7985444403
1683,208549.62763554067
1684,207188.1158099926
1685,189608.67919395375
1686,197552.73486843327
1687,190837.72216718172
1688,209289.8672381973
1689,207907.01598876668
1690,209290.62114656984
1691,198099.88712765486
1692,268452.1547573572
1693,196533.95120325423
1694,174812.96245273325
1695,176822.94478362717
1696,249501.49841552862
1697,171776.06922421773
1698,287491.69687371416
1699,275808.06091277447
1700,226629.03281290276
1701,245782.76931369439
1702,263203.77507025475
1703,258768.52030708652
1704,259655.2038003847
1705,253611.85262961953
1706,371788.1016403972
1707,236683.76478960592
1708,219478.49600324186
1709,269193.55068763247
1710,229414.7461751498
1711,269973.4729059541
1712,258795.4206997404
1713,265045.86668517225
1714,218166.01880133396
1715,203053.68510417023
1716,201428.36223674408
1717,195275.68344545708
1718,135753.1673296023
1719,214794.48925618833
1720,244929.08361894608
1721,191762.81024280097
1722,126632.62329421609
1723,161713.06467950152
1724,228655.78931209398
1725,222652.77861606178
1726,186531.7017651069
1727,185471.31872994069
1728,193686.58845795918
1729,158127.34798477613
1730,164315.89121272208
1731,114058.18249789727
1732,118065.8181711752
1733,101673.06023249835
1734,107818.06369915705
1735,129513.51315708521
1736,104531.97708837669
1737,261776.23380671174
1738,206281.01126920193
1739,275312.5683504298
1740,217534.27158897847
1741,189731.05432768707
1742,163889.17410981082
1743,187680.961025957
1744,265841.0796150327
1745,222945.20535157126
1746,199058.62773410417
1747,204237.4019749919
1748,203589.3706083409
1749,156286.96911601222
1750,128923.50936170772
1751,218279.71740888414
1752,108579.26995622827
1753,153503.632037887
1754,195371.05970492496
1755,162647.912423213
1756,96740.41898808189
1757,97521.47426684418
1758,142058.49077307776
1759,157347.20320019877
1760,157139.77374368778
1761,137245.3681064305
1762,159867.4148359687
1763,177903.14013604666
1764,105944.9862338636
1765,169683.4426115572
1766,164042.5693520184
1767,173501.72720126208
1768,125464.10742153505
1769,155935.9512984422
1770,143626.2223560285
1771,121773.9351754839
1772,135252.6411675256
1773,103850.54618656608
1774,174379.6830061628
1775,123479.21748968345
1776,114529.57684219039
1777,102308.19270717532
1778,121986.83358130674
1779,127987.17786570595
1780,153171.2798013235
1781,123236.62660012336
1782,63974.476065037845
1783,147636.64469044475
1784,109013.69829547271
1785,133301.04018325167
1786,161426.72726985434
1787,171132.20434167702
1788,60707.80590385913
1789,117683.26012017638
1790,54124.91843007363
1791,235344.25137544813
1792,141258.3049813868
1793,156327.1014938609
1794,153500.98355353845
1795,120549.96833831545
1796,128684.13811751685
1797,136288.32803498366
1798,114950.4118653124
1799,82468.50144136063
1800,124190.39179881396
1801,108220.82387787386
1802,149078.175281707
1803,161170.23147375224
1804,133753.35458379134
1805,128440.45077242321
1806,132454.14863740362
1807,178539.02157433477
1808,124711.1528217702
1809,105828.32619404022
1810,127980.71414538458
1811,149170.91257656494
1812,108456.97303474692
1813,109831.20937349302
1814,105684.81899454493
1815,32059.848072378467
1816,112537.38833811173
1817,156460.4029201461
1818,196035.8638247563
1819,139499.19646880633
1820,56393.68299166769
1821,135927.51356201584
1822,171016.1824470787
1823,57108.130994168154
1824,137824.32033428625
1825,122344.37594840526
1826,107988.24280269098
1827,101329.17182857863
1828,117214.75817483515
1829,158693.6680273102
1830,161516.4165136335
1831,163318.60231180233
1832,141615.44376452873
1833,148641.10963818413
1834,137091.44912509213
1835,151740.78778800994
1836,125467.80248371273
1837,81925.86915281668
1838,124145.87177672112
1839,108252.42832984304
1840,116915.4455830001
1841,131079.39105849716
1842,98931.48382312176
1843,132511.3297428629
1844,148903.78198799375
1845,134908.63575345324
1846,146063.37647941068
1847,160422.93148640942
1848,41796.53770104134
1849,110973.68346394648
1850,106818.27685455715
1851,135006.09988069657
1852,118922.89393204068
1853,147280.01077294402
1854,171378.99921905308
1855,169307.2662032417
1856,218945.7247645994
1857,145094.34735796036
1858,162598.9586941781
1859,146273.58380766463
1860,157084.76479463017
1861,145544.12685841665
1862,279969.4387025318
1863,279969.4387025318
1864,279969.4387025318
1865,337553.2781820665
1866,330285.64979723596
1867,245585.34663940658
1868,268052.2013600517
1869,209529.90133512497
1870,227848.8957478038
1871,274528.78276396677
1872,188650.1968245916
1873,209458.79379514087
1874,119301.37542486837
1875,194780.2610491381
1876,180395.11229259247
1877,212548.43287127576
1878,215509.6017549261
1879,114520.68358399111
1880,116329.61227470894
1881,246131.16612050222
1882,242435.85129417764
1883,202703.13876274473
1884,209404.61752862966
1885,224862.82113969838
1886,270928.8917013035
1887,209960.89995546
1888,254105.68512760056
1889,180375.124750203
1890,124168.18474991014
1891,158007.85059710278
1892,85374.79995072796
1893,141120.5980276799
1894,147730.25117705722
1895,134603.3233675395
1896,105320.34140981646
1897,110841.35475788296
1898,110039.713220114
1899,154196.64544620458
1900,125549.05975378395
1901,124762.07190648917
1902,115516.77531227915
1903,216800.48670999712
1904,115250.82363935455
1905,171189.6816647619
1906,149513.55894546735
1907,170059.07836828602
1908,122355.85271803712
1909,156751.07624585228
1910,146386.49356539978
1911,170758.17364723847
1912,271679.02258398343
1913,180497.2179089788
1914,57713.89211892414
1915,282235.04313518904
1916,46905.15000473037
1917,248325.48871064378
1918,118319.5553506916
1919,158728.43043513148
1920,167383.1657313066
1921,354131.0344594199
1922,326693.96201896615
1923,204070.44615009776
1924,216696.50819084735
1925,232618.88483356108
1926,342103.4344051352
1927,122924.66551087222
1928,152183.8107153962
1929,102317.26482918941
1930,143481.40106872632
1931,134385.59014254698
1932,134866.6072820591
1933,159916.37439060927
1934,171160.3164855258
1935,170522.1804581498
1936,181121.9388821124
1937,178626.08688908012
1938,178921.8479320695
1939,254895.60359344265
1940,208569.54652287863
1941,181487.8954341732
1942,187118.63076022803
1943,209128.43622358027
1944,313610.89674252935
1945,330332.5234096497
1946,162139.41969141643
1947,301715.75604331814
1948,168850.37815984793
1949,236961.36617050692
1950,187298.01671466505
1951,243663.71083038312
1952,226021.3031668106
1953,178510.92480148148
1954,193565.48215557274
1955,129564.61439470731
1956,286626.2858847191
1957,155158.67474737187
1958,267997.1095496276
1959,162381.35158688395
1960,93370.83086767142
1961,125781.93353732965
1962,105595.0188955621
1963,107825.76697049812
1964,110418.29792277524
1965,166377.35239014702
1966,154526.55242293363
1967,280247.5214414371
1968,340895.3618414808
1969,334900.90840868995
1970,350225.87472232286
1971,393803.9441172915
1972,335670.4750946727
1973,278292.1063852737
1974,309378.555688118
1975,369953.2800995832
1976,255021.48687141266
1977,310347.5143421967
1978,314070.2108261688
1979,316425.5967839744
1980,207524.5282808664
1981,324782.20527868945
1982,226171.15639404097
1983,221618.71777199535
1984,197162.8541086361
1985,227732.61589413614
1986,233663.7698923509
1987,198976.31898556068
1988,196989.1301727845
1989,208864.76007486723
1990,226804.86725658615
1991,207612.1820053006
1992,208488.95941548352
1993,193949.6142907933
1994,221155.14617593156
1995,192916.117225251
1996,252865.57456736505
1997,315040.3742566958
1998,266146.1497712146
1999,269608.9452018616
2000,270115.95454131154
2001,252699.1845395211
2002,250379.52157755604
2003,256752.38297540473
2004,256217.64806885243
2005,248901.6293527154
2006,224123.5013457556
2007,257234.99709603214
2008,205541.616349969
2009,194826.0068478175
2010,211308.16823294334
2011,142622.49571556365
2012,203590.94887904398
2013,183072.88236801693
2014,191660.27840746287
2015,197592.9717723091
2016,196184.01942613238
2017,209766.20129952714
2018,110340.22812327962
2019,114936.13388467093
2020,100723.77084597471
2021,107324.39894406732
2022,160194.89237147488
2023,144471.82886060292
2024,228897.20132221532
2025,301464.35240294144
2026,196494.8210776013
2027,166734.3749768401
2028,183364.9980779203
2029,160251.09966009218
2030,261274.21504052443
2031,242948.21895414894
2032,271733.4465987218
2033,253010.23447576608
2034,179232.2472121626
2035,189192.122952218
2036,214593.00330664747
2037,215096.90502480895
2038,313677.5159587903
2039,202679.6217888781
2040,292930.00831194303
2041,263395.2009067894
2042,201485.3845031105
2043,170158.95054906036
2044,186584.56308896246
2045,203222.7341207597
2046,165198.53836461424
2047,132222.98431207286
2048,127669.18567309628
2049,183848.04545442242
2050,184126.52117448807
2051,102068.78128907186
2052,125636.21579840095
2053,131133.7156745739
2054,68332.60017352347
2055,170432.65334787802
2056,137869.53789190057
2057,108287.66268827343
2058,201895.06163490395
2059,120537.38926347619
2060,157308.91927487974
2061,155697.58999034495
2062,114153.17849885653
2063,96462.09827154329
2064,131867.23935494412
2065,111033.66314579583
2066,174420.25681369548
2067,143657.48803231365
2068,177812.70120936283
2069,64112.45449122892
2070,94481.02187125492
2071,79062.52414317668
2072,177836.2577389375
2073,125179.31763685767
2074,170969.6485742799
2075,126153.0560119609
2076,131478.59109487507
2077,134153.4892701462
2078,110849.27022323573
2079,133676.42290046997
2080,107518.0024236991
2081,120957.06239080935
2082,153498.00336155237
2083,131770.12418224814
2084,90050.73858927499
2085,114016.00277629937
2086,135364.30204903887
2087,126482.90838407821
2088,107135.13692187662
2089,98115.61953297151
2090,144777.50077752146
2091,104090.09824875026
2092,134432.41722893628
2093,154289.91540636026
2094,128160.9987919296
2095,161422.03735774622
2096,84490.44029644743
2097,104034.65890875796
2098,140214.77048778988
2099,24138.86687976853
2100,104445.43750413484
2101,170718.12627753138
2102,137031.4307581432
2103,89818.63821756325
2104,171627.88574696702
2105,135382.62683826854
2106,96673.24586083378
2107,201722.32030329615
2108,121030.33146062776
2109,96813.33748613854
2110,112620.42808584106
2111,163836.21083415928
2112,122383.27234452135
2113,117222.09760707623
2114,113054.49479997723
2115,142963.54478462512
2116,111159.84424813045
2117,135869.9103718712
2118,127384.73551472308
2119,113296.17061932127
2120,107502.44178268901
2121,78296.69364160167
2122,86522.69064460235
2123,90359.13989370828
2124,173647.61726801484
2125,149338.95266389957
2126,177087.05906666414
2127,158824.01115107618
2128,141930.1393202581
2129,114288.12924243399
2130,131043.42786968105
2131,175464.5270950174
2132,121940.88934544462
2133,125734.51571367969
2134,120881.13534129912
2135,122260.88099899476
2136,86078.55343632074
2137,117975.47660432878
2138,143286.549482222
2139,143027.49032649992
2140,127898.67791169949
2141,154639.62934253807
2142,117742.58314567918
2143,137531.2912010122
2144,121857.66515692192
2145,130509.6449013081
2146,133043.38048909232
2147,158813.04946944665
2148,143278.71267616286
2149,153645.47363796964
2150,202951.50587406446
2151,117168.76135640373
2152,130504.12460583383
2153,140224.77332163253
2154,88342.73568936571
2155,134292.73387537245
2156,239388.20636423636
2157,223208.4361125825
2158,227877.80177991063
2159,225996.8546078183
2160,194330.79248978384
2161,256429.64747046976
2162,330191.7032043252
2163,337467.07667297
2164,245277.87623840052
2165,171341.1715400063
2166,135214.18630114297
2167,197817.2252123945
2168,185065.800302464
2169,198928.99285836326
2170,208489.75540017773
2171,136329.27428990445
2172,126148.049902135
2173,150529.2138193714
2174,233595.369897525
2175,269022.1940289691
2176,272326.9658619341
2177,240180.80887879065
2178,218138.50225040782
2179,149880.93475845805
2180,219567.09390538384
2181,205743.76483768714
2182,234010.49085471214
2183,211143.8343878382
2184,113618.80054400134
2185,136651.55282210984
2186,144714.51440821466
2187,149885.32430325786
2188,149645.9039122191
2189,274935.3522766261
2190,75811.02863367295
2191,75811.02863367295
2192,57478.2085812703
2193,107124.08132237654
2194,97190.89955663182
2195,99525.53414654512
2196,125246.11502654178
2197,107205.77279621929
2198,154423.35839888116
2199,173122.4181204599
2200,116567.67473025544
2201,137865.4129377661
2202,192656.1067297964
2203,145643.26700541863
2204,146835.34954566322
2205,108312.97743231729
2206,128671.71838939228
2207,204770.04952881992
2208,208065.18768739438
2209,169206.0071350343
2210,132412.75847483182
2211,109227.81329603874
2212,131900.38048695438
2213,101804.25634879743
2214,148971.1329748753
2215,101496.9148932418
2216,149865.69575017964
2217,69249.49026362908
2218,79563.38090566109
2219,74817.75076786414
2220,104998.79989626535
2221,283437.5188850839
2222,255537.1520975693
2223,281722.9593780517
2224,221199.138421839
2225,145997.81403947074
2226,157596.06758427416
2227,211999.2949812921
2228,280490.894274283
2229,226145.8463620009
2230,150210.23120531178
2231,216871.67193814996
2232,186561.38768914092
2233,183394.99945437396
2234,252591.06689324678
2235,224731.50118356175
2236,249665.2325919745
2237,296143.94193515525
2238,230174.1710051585
2239,111525.51497736515
2240,174719.10177209746
2241,156576.2523125268
2242,138003.82437206293
2243,129746.53835590892
2244,99261.30400663629
2245,89445.09399076815
2246,125499.47191385223
2247,105047.91079956257
2248,93928.09450949926
2249,118038.7116493219
2250,123050.51423215197
2251,123492.07575014148
2252,173279.09681003142
2253,166368.36912639724
2254,174302.52392991682
2255,183236.34595074004
2256,195316.78825087822
2257,198554.87526688696
2258,188359.370190593
2259,173549.11535062885
2260,143796.78147393098
2261,193249.33657739847
2262,200739.59979781223
2263,321227.83776157297
2264,353790.9426865058
2265,175337.24397476937
2266,288830.51768053294
2267,287748.9299777524
2268,354976.3723652789
2269,160012.10823008924
2270,190750.14845694992
2271,222444.63391099975
2272,217705.25311405736
2273,179575.31944957818
2274,167421.11530298286
2275,167422.82816086957
2276,193107.5503879204
2277,172038.1490230012
2278,148537.2264000581
2279,139145.39365124016
2280,80292.06061398884
2281,191804.1345475062
2282,191996.5003728972
2283,114426.72184281386
2284,153650.10213019274
2285,143207.9466136645
2286,105981.05380530657
2287,329345.0712384348
2288,279068.83389435656
2289,284963.13130736165
2290,358744.6330023199
2291,322584.6915415971
2292,355994.88933392393
2293,373208.22942573443
2294,345979.0065775538
2295,376094.37908000627
2296,249429.9069137266
2297,308234.0102471891
2298,332063.3286083345
2299,326741.0277292067
2300,284419.9096957093
2301,288460.9749544571
2302,243414.78476430773
2303,243684.68577116058
2304,252996.84192798153
2305,187459.95705934888
2306,187459.95705934888
2307,193733.2616740975
2308,232893.13531012234
2309,295665.2118039337
2310,225286.3850519432
2311,208549.62763554067
2312,189218.06148071098
2313,185475.56616342446
2314,188371.85223274858
2315,186452.2740474228
2316,185747.11962194156
2317,188146.31501306547
2318,185950.21015164885
2319,202130.09788502858
2320,202503.47566477506
2321,250493.27176140924
2322,205458.7316628663
2323,191108.77326367708
2324,202331.87971044978
2325,215871.31641233974
2326,196826.91489386355
2327,220279.1442071306
2328,221287.6501589708
2329,177920.192312343
2330,177977.22264619678
2331,288206.6019926318
2332,328106.17392405285
2333,280969.32522989024
2334,246288.51784610754
2335,265122.17110564734
2336,272483.22816280875
2337,201105.14502738882
2338,242567.91423662036
2339,238271.0230127643
2340,353597.65784151317
2341,212971.71433936252
2342,233765.9364202984
2343,224604.38479427015
2344,226604.19596111338
2345,252555.45606278442
2346,222915.43337055529
2347,209009.00677227334
2348,236771.87696366833
2349,182418.9972364207
2350,294073.7620465337
2351,269159.0940916414
2352,246440.67826829286
2353,242700.38919860107
2354,130445.63975569303
2355,155023.26365683982
2356,164654.00414070842
2357,220763.98628567846
2358,195398.61415066902
2359,121212.92707449674
2360,112746.23981636619
2361,135151.95645332156
2362,231030.46565792564
2363,144273.36065450712
2364,163543.8580557724
2365,226895.69008263585
2366,210114.83621486835
2367,227446.51104259212
2368,220457.0304071252
2369,228806.83824477717
2370,159331.78023829003
2371,165239.5362743504
2372,199249.94107109425
2373,254342.69486834976
2374,282911.31620394485
2375,219563.72169113794
2376,254662.47801048565
2377,274959.79196825024
2378,149926.58545823203
2379,191871.7002248796
2380,149795.359651344
2381,170406.56095714305
2382,203225.94736772642
2383,207844.67536909622
2384,218927.46331917518
2385,148245.42517316074
2386,134611.75130347972
2387,124640.01497274145
2388,131367.93077787373
2389,129734.58739244108
2390,130960.29032238275
2391,132975.25141926217
2392,99168.58479059456
2393,164405.1906337806
2394,138768.22019981884
2395,178556.7665631285
2396,146871.91206078272
2397,180810.99341161601
2398,108002.42124621532
2399,79290.94378769913
2400,49712.88971108698
2401,99126.49592592326
2402,122641.6269717846
2403,179901.3671948862
2404,141435.7366524737
2405,152225.89011604816
2406,125563.62234497497
2407,127181.9582072894
2408,145124.3119387013
2409,121066.09938357268
2410,174516.9109982471
2411,99584.44079209583
2412,136494.0426249848
2413,117249.7957127757
2414,145159.82298898656
2415,160759.8511240387
2416,123648.67181348347
2417,131285.01615267963
2418,111842.86948075419
2419,133496.29819323332
2420,101527.0872845384
2421,125711.80944934559
2422,107450.74449764634
2423,119410.00958103141
2424,139804.45523726117
2425,225075.5195644108
2426,118576.75349597564
2427,111174.16836403513
2428,151691.50601271752
2429,97455.3450766436
2430,115866.02421306842
2431,115019.2412095885
2432,128532.28973978465
2433,121792.867242849
2434,124993.91605322387
2435,127069.55937621312
2436,111541.6563614281
2437,97820.36812282042
2438,110721.36107101342
2439,125189.24268828526
2440,135125.44897846167
2441,127305.15226004596
2442,96566.71715928087
2443,110695.80258522477
2444,126844.11955078086
2445,100631.54990359042
2446,123606.13477584289
2447,203169.89516198082
2448,144731.68763883307
2449,110156.84169083489
2450,155782.886457928
2451,119351.32893081375
2452,188126.40634972122
2453,78978.62048392513
2454,110964.38163369092
2455,105876.82876716118
2456,132858.97032189538
2457,109555.78896790478
2458,111026.3244112164
2459,99464.10246060106
2460,137455.67175781482
2461,112329.17156256389
2462,114689.46628767549
2463,124937.90543691283
2464,164318.95071762276
2465,148307.49635895394
2466,148061.70294550637
2467,154655.44505611784
2468,105568.49785425133
2469,101642.5301304705
2470,192927.20234287422
2471,186008.7923912956
2472,167180.76903220516
2473,130541.87748838823
2474,108379.70806135818
2475,190985.03428814863
2476,94487.32714693181
2477,119124.5646085485
2478,156733.5159710672
2479,103720.33261264401
2480,132292.2453357131
2481,115909.03153878672
2482,132651.48208967023
2483,104133.01308134652
2484,117178.66010797773
2485,116358.46302971068
2486,128153.56566001612
2487,205721.1334996646
2488,143209.87545300234
2489,157404.49948848237
2490,120404.4286334525
2491,102701.09855222571
2492,189645.08343646926
2493,144675.30555577742
2494,149909.56175591296
2495,85518.92170657704
2496,222958.72090400796
2497,142602.15769319353
2498,105634.04450594516
2499,90772.14247547998
2500,123271.64986456146
2501,146171.5433652194
2502,127169.15555913301
2503,117115.78857091832
2504,177898.77251545741
2505,212423.96058474033
2506,262633.242278202
2507,290330.11434778967
2508,258080.8036561564
2509,238163.41996123944
2510,237542.3667170541
2511,204524.922540218
2512,212366.55464163696
2513,212448.69710231875
2514,216891.73881941877
2515,148528.4795377272
2516,168698.66405179893
2517,122960.18210629042
2518,129902.33647561671
2519,215563.5945797527
2520,198943.4539850449
2521,206799.52495976788
2522,216575.31878221646
2523,123663.86603158488
2524,136517.57615654127
2525,131993.69491063262
2526,139629.33445232862
2527,117543.4777231956
2528,113619.38131667074
2529,155619.83534973074
2530,115491.67509486794
2531,218475.24639355857
2532,217940.55752268544
2533,213393.4295227719
2534,237865.34538598335
2535,256609.08201350243
2536,219882.79276383395
2537,209617.69302260032
2538,202454.8360239612
2539,196437.77692651545
2540,196480.52035158937
2541,200610.40125580097
2542,172369.56983432447
2543,108599.45968966949
2544,103540.26716684933
2545,129785.18805340704
2546,150572.51673025516
2547,147374.77388475393
2548,185054.31697662937
2549,156078.36150850978
2550,543968.6422220296
2551,167050.3401529559
2552,120707.00783665349
2553,94099.40668762529
2554,112537.04062583693
2555,96979.21266872332
2556,74936.66943099395
2557,97975.95746227798
2558,161990.32197662978
2559,122305.69955159738
2560,133100.5725389063
2561,127548.0099868246
2562,121975.10160712214
2563,120118.2013791219
2564,175221.74004047888
2565,130244.19231013664
2566,129374.70586261194
2567,117860.9847296842
2568,167218.5166867975
2569,183366.5456995041
2570,132843.80121756924
2571,178743.05275639344
2572,167656.59674129303
2573,212703.9215966566
2574,260300.57086694945
2575,154181.6533408037
2576,111561.12600386933
2577,154746.56548450358
2578,83949.33732764206
2579,35331.918077399925
2580,128008.1335392429
2581,121034.76741221816
2582,115971.1968826436
2583,230608.77082419774
2584,170295.05652301863
2585,199841.79584520246
2586,196991.1052057508
2587,189445.48913207575
2588,124534.73960216729
2589,144602.55221965705
2590,208749.19536924164
2591,198534.3349329267
2592,230788.82093413104
2593,248036.4402651713
2594,187875.44944802386
2595,225590.58092788793
2596,262579.31773764157
2597,221037.14839005243
2598,252463.95148655283
2599,354413.18644369167
2600,172909.7417231353
2601,158780.5584898753
2602,82593.83861704182
2603,94143.34995725416
2604,66831.43315996724
2605,90235.12746890105
2606,147851.34278706711
2607,176619.72408746247
2608,171279.77572061738
2609,148081.72004716547
2610,90261.86256599006
2611,124751.98669762042
2612,146156.76371744223
2613,112810.23198715376
2614,108030.54916323289
2615,146301.95044486143
2616,125914.47443761799
2617,182154.85604718316
2618,182614.2959394192
2619,211679.66197378404
2620,159140.1027161461
2621,176813.52671544193
2622,180588.0217217055
2623,238295.96119289385
2624,270174.2196229168
2625,286134.50044258934
2626,169810.49023214635
2627,187117.3830718176
2628,349481.5727756895
2629,386473.33756011847
2630,315074.92232007155
2631,379044.19521557586
2632,342927.65490473795
2633,279456.7253325303
2634,332825.10980179266
2635,154752.05749041715
2636,186579.7183699985
2637,193220.4218534429
2638,233671.45643006935
2639,187150.52324512048
2640,145353.86656432576
2641,103331.9477863566
2642,191402.11805308278
2643,127575.59171200678
2644,140586.4027703529
2645,112254.23840894355
2646,104617.93933584783
2647,114196.5893133138
2648,146223.48502764912
2649,128461.36393739331
2650,132908.34016844985
2651,160809.55641245152
2652,350965.352489505
2653,255071.70481248567
2654,274068.72136780835
2655,341471.8812679408
2656,302797.5635523716
2657,316976.953265419
2658,290288.0595856395
2659,293493.89694584714
2660,325917.44488960993
2661,305154.20372894197
2662,329992.6322654303
2663,265097.3680460002
2664,294867.71317748947
2665,309868.7632572524
2666,281786.4317170774
2667,194285.51842313865
2668,209749.48057077825
2669,195925.15938590723
2670,266309.1574736996
2671,209749.48057077825
2672,209372.30583109986
2673,207968.6634703703
2674,220940.9134043033
2675,201159.82768463343
2676,208106.06386913883
2677,199217.77844902262
2678,244808.13167263765
2679,252997.65040568338
2680,253539.78713985748
2681,336667.68464572734
2682,276231.36898109666
2683,374428.95498178364
2684,277112.9495208492
2685,277656.0277106274
2686,249653.2945315431
2687,274138.55785533757
2688,237796.45017596008
2689,213885.6290314201
2690,360755.3352730206
2691,198270.81859767833
2692,125509.9757402282
2693,212641.32221280457
2694,140708.3200309589
2695,217575.9311017947
2696,202980.23085388006
2697,187309.21276998435
2698,190965.8100606843
2699,188342.58225684785
2700,178974.84857790417
2701,171046.4262903594
2702,126468.20266813094
2703,177337.36312746466
2704,135304.91340806626
2705,104178.67768832199
2706,100879.47779032699
2707,114244.61781678486
2708,105862.90829695278
2709,89718.06630162541
2710,107650.9205071549
2711,259047.69367243774
2712,303856.6399533444
2713,192012.81130653154
2714,173260.87886236724
2715,164287.0597184915
2716,169925.00720984623
2717,182429.0794252924
2718,230691.46123703447
2719,155363.54466947092
2720,177566.49347406568
2721,131786.4417368117
2722,157958.19610287464
2723,142737.45210540819
2724,121030.24627286298
2725,116387.57545993791
2726,124481.85262849947
2727,169739.11282668065
2728,166195.9513895731
2729,139935.09919196158
2730,119639.84839989063
2731,96611.93970418698
2732,100787.01754042169
2733,147343.91874638086
2734,135559.92410433988
2735,124703.6102750387
2736,124320.41198608384
2737,99737.19843885284
2738,164490.35986861435
2739,150591.7202826566
2740,133902.09887640795
2741,147447.10905019526
2742,158013.97229024454
2743,125742.52782409238
2744,141172.20218112483
2745,141024.3628208267
2746,105333.29720521776
2747,145498.70521784833
2748,134639.91893242515
2749,109070.67825039578
2750,119632.80010527559
2751,102862.7684810197
2752,209272.2965633921
2753,150679.83219695394
2754,221933.11807774287
2755,139886.9618550568
2756,76396.55255083636
2757,72535.20119838468
2758,105077.61309991567
2759,143241.99541830743
2760,147197.1499600761
2761,128468.99989325869
2762,136852.07908571043
2763,173224.945766265
2764,159690.05338857695
2765,223651.79449028184
2766,119173.21160921673
2767,85582.50836373882
2768,131057.03956667108
2769,120214.95735855371
2770,152271.92695248354
2771,98994.87932039218
2772,94173.75243263307
2773,180236.17240631016
2774,123158.74339187791
2775,141120.64329738618
2776,149831.98071392823
2777,162498.76099701505
2778,118880.33497369106
2779,166996.64587595046
2780,111640.98217223397
2781,88796.63637155097
2782,90170.72944924465
2783,79086.99107058966
2784,116498.93614363053
2785,137325.31742484047
2786,54472.135560816016
2787,134736.4362099049
2788,80776.46615676474
2789,192012.85578500375
2790,96308.15368443182
2791,118531.63224364124
2792,86482.82868268961
2793,151504.62599717287
2794,80126.4585586129
2795,119314.89505496982
2796,81612.80875112265
2797,196068.9977677043
2798,129246.15673041096
2799,143460.19488986768
2800,73854.75327413592
2801,116904.32483880699
2802,119842.95867250598
2803,193422.62338507015
2804,139020.88734413672
2805,94610.12816112973
2806,84420.39129200237
2807,147870.97077940023
2808,128240.57174783641
2809,109479.16133535418
2810,121903.26617574795
2811,147813.82641903427
2812,144365.36250476772
2813,216001.08578220056
2814,201056.1023695558
2815,111138.9357126728
2816,197516.87239747972
2817,124031.52326695263
2818,117446.77684262746
2819,192907.8873688862
2820,124605.1364116782
2821,101514.8059133242
2822,182310.06531273876
2823,237072.49854324316
2824,162654.76326940043
2825,144420.0382392147
2826,123854.81798252788
2827,139189.66342947015
2828,244045.92690059525
2829,229631.31462907506
2830,240142.23954603588
2831,204746.14716441435
2832,221590.84651388047
2833,288297.8527666745
2834,221717.6904415089
2835,231193.12045332207
2836,201237.05427138775
2837,172379.28133942175
2838,143166.6687403735
2839,180365.50764938412
2840,190028.8274202824
2841,207536.338116222
2842,217208.78304919554
2843,136082.54674073518
2844,165191.72757893783
2845,100205.58707479031
2846,209498.0866133875
2847,179219.37308591115
2848,204500.3204596418
2849,218015.04611801164
2850,257530.4821810383
2851,223628.82680823852
2852,224821.23158200528
2853,222110.5407898284
2854,160001.1693581991
2855,215568.62125590752
2856,210702.30126209365
2857,200461.68860242172
2858,202228.52729397058
2859,122548.74022691019
2860,110060.21155545455
2861,124627.46227977227
2862,220078.35461158294
2863,118879.99951241654
2864,262320.9632962965
2865,158007.85059710278
2866,202514.1756387971
2867,96075.78120589585
2868,160631.28013359185
2869,122733.39552802037
2870,131302.0758955885
2871,91337.78673961727
2872,23258.705443866318
2873,97845.33236949134
2874,156177.34842683445
2875,124876.88759745218
2876,145811.30450988282
2877,117544.9694882263
2878,151323.75687879053
2879,115208.56967814111
2880,124891.83808977625
2881,130193.74662357797
2882,138766.57113486878
2883,172392.9070959129
2884,187035.95252386236
2885,153595.15695845452
2886,179177.72447192285
2887,96694.56086545161
2888,142029.22364395054
2889,65315.546638247026
2890,81017.49344554532
2891,147112.23524040927
2892,38543.43263822605
2893,122620.54740454826
2894,64228.098567894835
2895,273294.5783264557
2896,251455.5466514888
2897,209572.0879665363
2898,198178.39174758224
2899,250523.02642026317
2900,151236.14436060254
2901,173978.38689220045
2902,183966.2107625191
2903,294389.69292165805
2904,321040.0829151462
2905,63862.466801828865
2906,230288.81865998567
2907,115522.3933198105
2908,107476.86743780057
2909,188167.1787103702
2910,58209.913354022065
2911,82593.83861704182
2912,142498.21047993924
2913,83056.40378470525
2914,66831.43315996724
2915,66831.43315996724
2916,88854.33229190079
2917,144391.69087357935
2918,107862.15113648021
2919,227166.91912325018
